ETF Symbol,Top 10 Holdings,Weights
DIA,"1) 3M Company
2) Goldman Sachs Group Inc.
3) International Business Machines Corporation
4) McDonald's Corporation
5) Home Depot Inc.
6) UnitedHealth Group Incorporated
7) Boeing Company
8) Travelers Companies Inc.
9) Johnson & Johnson
10) Apple Inc.
","1) 6.59%
2) 6.15%
3) 5.15%
4) 5.10%
5) 4.95%
6) 4.84%
7) 4.74%
8) 4.54%
9) 4.45%
10) 4.10%
"
ONEK,"1) Apple Inc.
2) Microsoft Corporation
3) Exxon Mobil Corporation
4) Johnson & Johnson
5) General Electric Company
6) Berkshire Hathaway Inc. Class B
7) AT&T Inc.
8) Facebook Inc. Class A
9) Procter & Gamble Company
10) Wells Fargo & Company
","1) 2.99%
2) 2.23%
3) 1.85%
4) 1.57%
5) 1.42%
6) 1.29%
7) 1.22%
8) 1.22%
9) 1.20%
10) 1.16%
"
TWOK,"1) STERIS Plc
2) CubeSmart
3) Piedmont Natural Gas Company Inc.
4) Tyler Technologies Inc.
5) Casey's General Stores Inc.
6) Vail Resorts Inc.
7) Highwoods Properties Inc.
8) MarketAxess Holdings Inc.
9) Post Holdings Inc.
10) West Pharmaceutical Services Inc.
","1) 0.38%
2) 0.33%
3) 0.33%
4) 0.33%
5) 0.31%
6) 0.30%
7) 0.28%
8) 0.28%
9) 0.28%
10) 0.28%
"
THRK,"1) Apple Inc.
2) Microsoft Corporation
3) Exxon Mobil Corporation
4) Johnson & Johnson
5) General Electric Company
6) Berkshire Hathaway Inc. Class B
7) Facebook Inc. Class A
8) AT&T Inc.
9) Procter & Gamble Company
10) Wells Fargo & Company
","1) 2.77%
2) 2.06%
3) 1.71%
4) 1.44%
5) 1.32%
6) 1.18%
7) 1.14%
8) 1.12%
9) 1.10%
10) 1.07%
"
RSCO,"1) Las Vegas Sands Corp.
2) Tesla Motors Inc.
3) Charter Communications Inc. Class A
4) American Water Works Company Inc.
5) Liberty Interactive Corporation QVC Group Class A
6) BioMarin Pharmaceutical Inc.
7) LinkedIn Corporation Class A
8) Markel Corporation
9) Thomson Reuters Corporation
10) Concho Resources Inc.
","1) 0.45%
2) 0.44%
3) 0.36%
4) 0.35%
5) 0.35%
6) 0.34%
7) 0.34%
8) 0.34%
9) 0.34%
10) 0.33%
"
SPY,"1) Apple Inc.
2) Microsoft Corporation
3) Exxon Mobil Corporation
4) Johnson & Johnson
5) General Electric Company
6) Berkshire Hathaway Inc. Class B
7) Facebook Inc. Class A
8) AT&T Inc.
9) Procter & Gamble Company
10) Wells Fargo & Company
","1) 3.27%
2) 2.48%
3) 2.07%
4) 1.76%
5) 1.62%
6) 1.47%
7) 1.45%
8) 1.39%
9) 1.36%
10) 1.31%
"
SPYX,"1) Apple Inc.
2) Microsoft Corporation
3) Johnson & Johnson
4) General Electric Company
5) Berkshire Hathaway Inc. Class B
6) Facebook Inc. Class A
7) AT&T Inc.
8) Procter & Gamble Company
9) Wells Fargo & Company
10) Alphabet Inc. Class A
","1) 3.46%
2) 2.63%
3) 1.86%
4) 1.71%
5) 1.55%
6) 1.53%
7) 1.47%
8) 1.44%
9) 1.39%
10) 1.36%
"
SLY,"1) Piedmont Natural Gas Company Inc.
2) Heartland Payment Systems Inc.
3) New Jersey Resources Corporation
4) Take-Two Interactive Software Inc.
5) ABIOMED Inc.
6) Healthcare Realty Trust Incorporated
7) Southwest Gas Corporation
8) Laclede Group Inc.
9) NorthWestern Corporation
10) ViaSat Inc.
","1) 0.87%
2) 0.61%
3) 0.55%
4) 0.55%
5) 0.53%
6) 0.53%
7) 0.53%
8) 0.52%
9) 0.51%
10) 0.50%
"
MDY,"1) Jarden Corporation
2) Foot Locker Inc.
3) UDR Inc.
4) Alaska Air Group Inc.
5) Mettler-Toledo International Inc.
6) Hologic Inc.
7) ResMed Inc.
8) Everest RE Group Ltd.
9) Acuity Brands Inc.
10) Alliant Energy Corporation
","1) 0.78%
2) 0.68%
3) 0.67%
4) 0.65%
5) 0.63%
6) 0.62%
7) 0.62%
8) 0.61%
9) 0.59%
10) 0.59%
"
MDYG,"1) UDR Inc.
2) Alaska Air Group Inc.
3) Mettler-Toledo International Inc.
4) Hologic Inc.
5) ResMed Inc.
6) Acuity Brands Inc.
7) ANSYS Inc.
8) LKQ Corporation
9) Fortune Brands Home & Security Inc.
10) Global Payments Inc.
","1) 1.34%
2) 1.30%
3) 1.26%
4) 1.23%
5) 1.23%
6) 1.18%
7) 1.15%
8) 1.15%
9) 1.12%
10) 1.10%
"
MDYV,"1) Everest RE Group Ltd.
2) Alliant Energy Corporation
3) New York Community Bancorp Inc.
4) Alleghany Corporation
5) Westar Energy Inc.
6) UGI Corporation
7) Albemarle Corporation
8) Carlisle Companies Incorporated
9) HollyFrontier Corporation
10) Reinsurance Group of America Incorporated
","1) 1.23%
2) 1.19%
3) 1.11%
4) 1.10%
5) 1.00%
6) 0.95%
7) 0.88%
8) 0.85%
9) 0.85%
10) 0.84%
"
SPYG,"1) Apple Inc.
2) Microsoft Corporation
3) Facebook Inc. Class A
4) Alphabet Inc. Class A
5) Alphabet Inc. Class C
6) Amazon.com Inc.
7) Home Depot Inc.
8) General Electric Company
9) Johnson & Johnson
10) Walt Disney Company
","1) 6.41%
2) 4.87%
3) 2.84%
4) 2.53%
5) 2.49%
6) 2.37%
7) 1.76%
8) 1.75%
9) 1.69%
10) 1.69%
"
SPYV,"1) Exxon Mobil Corporation
2) Berkshire Hathaway Inc. Class B
3) AT&T Inc.
4) Procter & Gamble Company
5) Wells Fargo & Company
6) JPMorgan Chase & Co.
7) Chevron Corporation
8) Johnson & Johnson
9) Merck & Co. Inc.
10) Verizon Communications Inc.
","1) 4.21%
2) 2.97%
3) 2.83%
4) 2.76%
5) 2.66%
6) 2.48%
7) 1.98%
8) 1.82%
9) 1.73%
10) 1.53%
"
SLYG,"1) Piedmont Natural Gas Company Inc.
2) Heartland Payment Systems Inc.
3) Take-Two Interactive Software Inc.
4) ABIOMED Inc.
5) Healthcare Realty Trust Incorporated
6) PrivateBancorp Inc.
7) Prestige Brands Holdings Inc.
8) Healthcare Services Group Inc.
9) Blackbaud Inc.
10) Helen of Troy Limited
","1) 1.67%
2) 1.17%
3) 1.06%
4) 1.02%
5) 1.01%
6) 0.91%
7) 0.89%
8) 0.87%
9) 0.86%
10) 0.86%
"
SLYV,"1) New Jersey Resources Corporation
2) Southwest Gas Corporation
3) Laclede Group Inc.
4) NorthWestern Corporation
5) EMCOR Group Inc.
6) ALLETE Inc.
7) Avista Corporation
8) CACI International Inc Class A
9) Kite Realty Group Trust
10) F.N.B. Corporation
","1) 1.15%
2) 1.10%
3) 1.09%
4) 1.07%
5) 1.05%
6) 0.93%
7) 0.91%
8) 0.88%
9) 0.84%
10) 0.78%
"
XLY,"1) Amazon.com Inc.
2) Home Depot Inc.
3) Walt Disney Company
4) Comcast Corporation Class A
5) McDonald's Corporation
6) Starbucks Corporation
7) NIKE Inc. Class B
8) Lowe's Companies Inc.
9) Priceline Group Inc
10) Time Warner Cable Inc.
","1) 9.58%
2) 7.10%
3) 6.79%
4) 6.77%
5) 5.30%
6) 4.03%
7) 3.73%
8) 2.87%
9) 2.60%
10) 2.51%
"
XLP,"1) Procter & Gamble Company
2) Coca-Cola Company
3) Philip Morris International Inc.
4) CVS Health Corporation
5) Altria Group Inc.
6) Wal-Mart Stores Inc.
7) PepsiCo Inc.
8) Walgreens Boots Alliance Inc
9) Costco Wholesale Corporation
10) Colgate-Palmolive Company
","1) 12.24%
2) 9.35%
3) 7.71%
4) 6.02%
5) 5.99%
6) 5.77%
7) 4.56%
8) 3.95%
9) 3.77%
10) 3.37%
"
XLE,"1) Exxon Mobil Corporation
2) Chevron Corporation
3) Schlumberger NV
4) Occidental Petroleum Corporation
5) EOG Resources Inc.
6) Pioneer Natural Resources Company
7) Valero Energy Corporation
8) Phillips 66
9) Halliburton Company
10) ConocoPhillips
","1) 21.03%
2) 15.00%
3) 8.51%
4) 4.15%
5) 4.13%
6) 3.80%
7) 3.51%
8) 3.25%
9) 2.78%
10) 2.73%
"
XLF,"1) Berkshire Hathaway Inc. Class B
2) Wells Fargo & Company
3) JPMorgan Chase & Co.
4) Bank of America Corporation
5) Citigroup Inc.
6) American International Group Inc.
7) U.S. Bancorp
8) Simon Property Group Inc.
9) Goldman Sachs Group Inc.
10) Chubb Limited
","1) 9.50%
2) 8.51%
3) 7.92%
4) 4.71%
5) 4.22%
6) 2.53%
7) 2.50%
8) 2.28%
9) 2.26%
10) 2.07%
"
XLFS,"1) Berkshire Hathaway Inc. Class B
2) Wells Fargo & Company
3) JPMorgan Chase & Co.
4) Bank of America Corporation
5) Citigroup Inc.
6) American International Group Inc.
7) U.S. Bancorp
8) Goldman Sachs Group Inc.
9) Chubb Limited
10) American Express Company
","1) 11.62%
2) 10.41%
3) 9.69%
4) 5.76%
5) 5.17%
6) 3.13%
7) 3.06%
8) 2.65%
9) 2.53%
10) 2.12%
"
XLV,"1) Johnson & Johnson
2) Pfizer Inc.
3) Merck & Co. Inc.
4) Gilead Sciences Inc.
5) Allergan plc
6) Amgen Inc.
7) UnitedHealth Group Incorporated
8) Medtronic Plc
9) Bristol-Myers Squibb Company
10) AbbVie Inc.
","1) 11.71%
2) 7.48%
3) 5.68%
4) 5.24%
5) 4.75%
6) 4.44%
7) 4.42%
8) 4.27%
9) 4.15%
10) 3.55%
"
XLI,"1) General Electric Company
2) 3M Company
3) Honeywell International Inc.
4) United Technologies Corporation
5) Boeing Company
6) Union Pacific Corporation
7) United Parcel Service Inc. Class B
8) Lockheed Martin Corporation
9) Danaher Corporation
10) General Dynamics Corporation
","1) 11.53%
2) 5.72%
3) 4.96%
4) 4.36%
5) 4.29%
6) 4.22%
7) 4.05%
8) 3.49%
9) 3.36%
10) 2.50%
"
XLB,"1) Dow Chemical Company
2) E. I. du Pont de Nemours and Company
3) Monsanto Company
4) Ecolab Inc.
5) LyondellBasell Industries NV
6) Praxair Inc.
7) Air Products and Chemicals Inc.
8) PPG Industries Inc.
9) Sherwin-Williams Company
10) International Paper Company
","1) 11.39%
2) 11.22%
3) 8.52%
4) 6.21%
5) 5.97%
6) 5.12%
7) 5.01%
8) 4.64%
9) 4.58%
10) 3.24%
"
XLRE,"1) Simon Property Group Inc.
2) American Tower Corporation
3) Public Storage
4) Crown Castle International Corp
5) Equity Residential
6) AvalonBay Communities Inc.
7) Equinix Inc
8) Prologis Inc.
9) Boston Properties Inc.
10) Welltower Inc.
","1) 12.35%
2) 7.79%
3) 7.60%
4) 5.98%
5) 5.66%
6) 4.70%
7) 4.14%
8) 4.10%
9) 3.70%
10) 3.65%
"
XLK,"1) Apple Inc.
2) Microsoft Corporation
3) Facebook Inc. Class A
4) AT&T Inc.
5) Alphabet Inc. Class A
6) Alphabet Inc. Class C
7) Verizon Communications Inc.
8) Visa Inc. Class A
9) Cisco Systems Inc.
10) Intel Corporation
","1) 13.99%
2) 10.63%
3) 6.20%
4) 5.97%
5) 5.51%
6) 5.44%
7) 5.41%
8) 3.57%
9) 3.35%
10) 3.04%
"
XLU,"1) NextEra Energy Inc.
2) Duke Energy Corporation
3) Southern Company
4) Dominion Resources Inc.
5) American Electric Power Company Inc.
6) Exelon Corporation
7) PG&E Corporation
8) PPL Corporation
9) Sempra Energy
10) Consolidated Edison Inc.
","1) 9.18%
2) 8.69%
3) 7.78%
4) 7.34%
5) 5.38%
6) 4.96%
7) 4.84%
8) 4.31%
9) 3.99%
10) 3.79%
"
XITK,"1) Rovi Corporation
2) Super Micro Computer Inc.
3) Computer Programs and Systems Inc.
4) WebMD Health Corp.
5) Cray Inc.
6) Angie's List Inc.
7) EZchip Semiconductor Ltd.
8) Youku Tudou Inc. Sponsored ADR Class A
9) King Digital Entertainment Plc
10) Inovalon Holdings Inc. Class A
","1) 2.64%
2) 2.12%
3) 1.83%
4) 1.72%
5) 1.71%
6) 1.69%
7) 1.65%
8) 1.61%
9) 1.60%
10) 1.59%
"
MTK,"1) Corning Incorporated
2) Facebook Inc. Class A
3) Automatic Data Processing Inc.
4) Oracle Corporation
5) EMC Corporation
6) SAP SE Sponsored ADR
7) Cisco Systems Inc.
8) Alphabet Inc. Class A
9) Alphabet Inc. Class C
10) Microsoft Corporation
","1) 3.30%
2) 3.27%
3) 3.21%
4) 3.20%
5) 3.18%
6) 3.17%
7) 3.13%
8) 3.11%
9) 3.09%
10) 3.06%
"
XAR,"1) Honeywell International Inc.
2) Huntington Ingalls Industries Inc.
3) Orbital ATK Inc.
4) Northrop Grumman Corporation
5) Raytheon Company
6) L-3 Communications Holdings Inc.
7) Lockheed Martin Corporation
8) B/E Aerospace Inc.
9) General Dynamics Corporation
10) United Technologies Corporation
","1) 4.76%
2) 4.67%
3) 4.56%
4) 4.55%
5) 4.46%
6) 4.43%
7) 4.39%
8) 4.38%
9) 4.29%
10) 4.18%
"
KBE,"1) New York Community Bancorp Inc.
2) U.S. Bancorp
3) People's United Financial Inc.
4) PNC Financial Services Group Inc.
5) Wells Fargo & Company
6) M&T Bank Corporation
7) JPMorgan Chase & Co.
8) BB&T Corporation
9) Bank of New York Mellon Corporation
10) Signature Bank
","1) 2.90%
2) 2.83%
3) 2.76%
4) 2.70%
5) 2.70%
6) 2.67%
7) 2.64%
8) 2.63%
9) 2.56%
10) 2.53%
"
XBI,"1) Intrexon Corporation
2) Baxalta Inc.
3) AbbVie Inc.
4) Celgene Corporation
5) Amgen Inc.
6) Cepheid
7) Gilead Sciences Inc.
8) Biogen Inc.
9) Ligand Pharmaceuticals Incorporated
10) Myriad Genetics Inc.
","1) 2.25%
2) 2.21%
3) 2.14%
4) 2.03%
5) 2.02%
6) 1.99%
7) 1.93%
8) 1.91%
9) 1.84%
10) 1.79%
"
KCE,"1) T. Rowe Price Group
2) BlackRock Inc.
3) Franklin Resources Inc.
4) Eaton Vance Corp.
5) Evercore Partners Inc. Class A
6) Janus Capital Group Inc.
7) Federated Investors Inc. Class B
8) Invesco Ltd.
9) NorthStar Asset Management Corp
10) Bank of New York Mellon Corporation
","1) 3.47%
2) 3.42%
3) 3.26%
4) 3.23%
5) 3.13%
6) 3.12%
7) 3.04%
8) 3.03%
9) 3.02%
10) 3.01%
"
XHE,"1) Alere Inc.
2) Stryker Corporation
3) ResMed Inc.
4) Teleflex Incorporated
5) LivaNova Plc
6) Intuitive Surgical Inc.
7) C. R. Bard Inc.
8) Cooper Companies Inc.
9) Haemonetics Corporation
10) Edwards Lifesciences Corporation
","1) 2.69%
2) 2.07%
3) 2.04%
4) 2.03%
5) 2.01%
6) 1.98%
7) 1.97%
8) 1.97%
9) 1.97%
10) 1.96%
"
XHS,"1) Owens & Minor Inc.
2) Henry Schein Inc.
3) WellCare Health Plans Inc.
4) HCA Holdings Inc.
5) Health Net Inc.
6) UnitedHealth Group Incorporated
7) LifePoint Health Inc.
8) Patterson Companies Inc.
9) Centene Corporation
10) Molina Healthcare Inc.
","1) 2.56%
2) 2.48%
3) 2.47%
4) 2.33%
5) 2.33%
6) 2.30%
7) 2.28%
8) 2.28%
9) 2.27%
10) 2.27%
"
XHB,"1) Whirlpool Corporation
2) PulteGroup Inc.
3) Home Depot Inc.
4) Masco Corporation
5) Owens Corning
6) Lowe's Companies Inc.
7) Williams-Sonoma Inc.
8) Fortune Brands Home & Security Inc.
9) Mohawk Industries Inc.
10) Bed Bath & Beyond Inc.
","1) 4.91%
2) 4.82%
3) 4.80%
4) 4.77%
5) 4.73%
6) 4.68%
7) 4.65%
8) 4.53%
9) 4.44%
10) 4.43%
"
KIE,"1) Cincinnati Financial Corporation
2) Allstate Corporation
3) PartnerRe Ltd.
4) StanCorp Financial Group Inc.
5) RenaissanceRe Holdings Ltd.
6) Everest RE Group Ltd.
7) Marsh & McLennan Companies Inc.
8) Progressive Corporation
9) Aon plc
10) Chubb Limited
","1) 2.61%
2) 2.58%
3) 2.57%
4) 2.57%
5) 2.56%
6) 2.55%
7) 2.55%
8) 2.54%
9) 2.53%
10) 2.50%
"
XME,"1) Newmont Mining Corporation
2) Hecla Mining Company
3) Royal Gold Inc.
4) CONSOL Energy Inc.
5) Steel Dynamics Inc.
6) Reliance Steel & Aluminum Co.
7) Worthington Industries Inc.
8) AK Steel Holding Corporation
9) Nucor Corporation
10) Commercial Metals Company
","1) 6.42%
2) 5.65%
3) 5.25%
4) 5.15%
5) 5.02%
6) 4.85%
7) 4.84%
8) 4.81%
9) 4.70%
10) 4.47%
"
XES,"1) Cameron International Corporation
2) Schlumberger NV
3) RPC Inc.
4) Helmerich & Payne Inc.
5) Dril-Quip Inc.
6) Diamond Offshore Drilling Inc.
7) Core Laboratories NV
8) Patterson-UTI Energy Inc.
9) Baker Hughes Incorporated
10) Oil States International Inc.
","1) 4.04%
2) 3.99%
3) 3.92%
4) 3.61%
5) 3.48%
6) 3.46%
7) 3.45%
8) 3.44%
9) 3.37%
10) 3.23%
"
XOP,"1) Southwestern Energy Company
2) Antero Resources Corporation
3) Gulfport Energy Corporation
4) Cabot Oil & Gas Corporation
5) Range Resources Corporation
6) EQT Corporation
7) Exxon Mobil Corporation
8) Occidental Petroleum Corporation
9) Chevron Corporation
10) Diamondback Energy Inc.
","1) 3.48%
2) 3.26%
3) 3.26%
4) 3.11%
5) 2.98%
6) 2.87%
7) 2.70%
8) 2.53%
9) 2.42%
10) 2.23%
"
XPH,"1) Johnson & Johnson
2) Merck & Co. Inc.
3) Perrigo Co. Plc
4) Pfizer Inc.
5) Allergan plc
6) Pacira Pharmaceuticals Inc.
7) Bristol-Myers Squibb Company
8) Mallinckrodt Plc
9) Zoetis Inc. Class A
10) Eli Lilly and Company
","1) 4.89%
2) 4.58%
3) 4.49%
4) 4.44%
5) 4.44%
6) 4.43%
7) 4.30%
8) 4.26%
9) 4.20%
10) 4.19%
"
KRE,"1) PNC Financial Services Group Inc.
2) M&T Bank Corporation
3) BB&T Corporation
4) KeyCorp
5) Regions Financial Corporation
6) SunTrust Banks Inc.
7) Huntington Bancshares Incorporated
8) Citizens Financial Group Inc.
9) Fifth Third Bancorp
10) Zions Bancorporation
","1) 4.69%
2) 4.64%
3) 4.56%
4) 4.35%
5) 4.19%
6) 4.16%
7) 4.10%
8) 3.93%
9) 3.92%
10) 2.93%
"
XRT,"1) Burlington Stores Inc.
2) Children's Place Inc.
3) Five Below Inc.
4) Wal-Mart Stores Inc.
5) Sally Beauty Holdings Inc.
6) Genesco Inc.
7) Finish Line Inc. Class A
8) Urban Outfitters Inc.
9) Macy's Inc
10) CVS Health Corporation
","1) 1.46%
2) 1.45%
3) 1.42%
4) 1.39%
5) 1.39%
6) 1.39%
7) 1.35%
8) 1.33%
9) 1.30%
10) 1.27%
"
XSD,"1) First Solar Inc.
2) Cree Inc.
3) Marvell Technology Group Ltd.
4) Xilinx Inc.
5) Fairchild Semiconductor International Inc.
6) Cirrus Logic Inc.
7) Linear Technology Corporation
8) Atmel Corporation
9) SunPower Corporation
10) Rambus Inc.
","1) 3.75%
2) 3.71%
3) 3.45%
4) 3.37%
5) 3.30%
6) 3.25%
7) 3.21%
8) 3.20%
9) 3.20%
10) 3.12%
"
XSW,"1) Rovi Corporation
2) Glu Mobile Inc.
3) CSG Systems International Inc.
4) Heartland Payment Systems Inc.
5) WebMD Health Corp.
6) Ellie Mae Inc.
7) Fair Isaac Corporation
8) Angie's List Inc.
9) Broadridge Financial Solutions Inc.
10) Solera Holdings Inc.
","1) 1.19%
2) 0.82%
3) 0.77%
4) 0.76%
5) 0.76%
6) 0.73%
7) 0.72%
8) 0.71%
9) 0.71%
10) 0.71%
"
XTL,"1) Verizon Communications Inc.
2) AT&T Inc.
3) CenturyLink Inc.
4) ViaSat Inc.
5) Cogent Communications Holdings Inc
6) Ubiquiti Networks Inc.
7) Windstream Holdings Inc.
8) T-Mobile US Inc.
9) Cisco Systems Inc.
10) Frontier Communications Corporation Class B
","1) 2.95%
2) 2.93%
3) 2.93%
4) 2.72%
5) 2.65%
6) 2.57%
7) 2.55%
8) 2.53%
9) 2.52%
10) 2.44%
"
XTN,"1) Swift Transportation Company Class A
2) C.H. Robinson Worldwide Inc.
3) Werner Enterprises Inc.
4) Kansas City Southern
5) Landstar System Inc.
6) Spirit Airlines Inc.
7) Knight Transportation Inc.
8) Genesee & Wyoming Inc. Class A
9) J.B. Hunt Transport Services Inc.
10) Old Dominion Freight Line Inc.
","1) 3.30%
2) 3.07%
3) 2.90%
4) 2.87%
5) 2.86%
6) 2.83%
7) 2.80%
8) 2.77%
9) 2.76%
10) 2.76%
"
DGT,"1) McDonald's Corporation
2) Vestas Wind Systems A/S
3) E. I. du Pont de Nemours and Company
4) NextEra Energy Inc.
5) Procter & Gamble Company
6) Syngenta AG
7) Microsoft Corporation
8) Duke Energy Corporation
9) SAP SE
10) Coca-Cola Company
","1) 0.90%
2) 0.90%
3) 0.88%
4) 0.88%
5) 0.88%
6) 0.88%
7) 0.87%
8) 0.85%
9) 0.85%
10) 0.84%
"
CWI,"1) Nestle S.A.
2) Roche Holding Ltd Genusssch.
3) Novartis AG
4) Toyota Motor Corp.
5) HSBC Holdings plc
6) Novo Nordisk A/S Class B
7) Samsung Electronics Co. Ltd. GDR RegS
8) Taiwan Semiconductor Manufacturing Co. Ltd. Sponsored ADR
9) Commonwealth Bank of Australia
10) Tencent Holdings Ltd.
","1) 1.67%
2) 1.31%
3) 1.18%
4) 1.05%
5) 0.88%
6) 0.83%
7) 0.81%
8) 0.78%
9) 0.67%
10) 0.67%
"
ACIM,"1) Apple Inc.
2) Microsoft Corporation
3) Exxon Mobil Corporation
4) General Electric Company
5) Wells Fargo & Company
6) Alphabet Inc. Class A
7) Alphabet Inc. Class C
8) Amazon.com Inc.
9) AT&T Inc.
10) JPMorgan Chase & Co.
","1) 1.25%
2) 1.04%
3) 0.81%
4) 0.73%
5) 0.69%
6) 0.66%
7) 0.64%
8) 0.62%
9) 0.61%
10) 0.61%
"
LOWC,"1) Apple Inc.
2) Microsoft Corporation
3) Johnson & Johnson
4) General Electric Company
5) Nestle S.A.
6) AT&T Inc.
7) Procter & Gamble Company
8) Wells Fargo & Company
9) Facebook Inc. Class A
10) JPMorgan Chase & Co.
","1) 1.72%
2) 1.22%
3) 0.93%
4) 0.87%
5) 0.76%
6) 0.75%
7) 0.73%
8) 0.73%
9) 0.70%
10) 0.67%
"
MDD,"1) NH Foods Ltd.
2) CALBEE Inc.
3) Hisamitsu Pharmaceutical Co. Inc.
4) Toyo Suisan Kaisha Ltd.
5) Japan Retail Fund Investment Corporation
6) Familymart Co. Ltd.
7) Flughafen Zurich AG
8) Gamesa Corporacion Tecnologica S.A.
9) Rinnai Corporation
10) J.Front Retailing Co. Ltd.
","1) 0.47%
2) 0.45%
3) 0.45%
4) 0.43%
5) 0.40%
6) 0.39%
7) 0.39%
8) 0.39%
9) 0.38%
10) 0.37%
"
GWX,"1) Shochiku Co. Ltd.
2) Wihlborgs Fastigheter AB
3) NIKKON Holdings Co. Ltd.
4) Fukuoka Reit Corporation
5) BELIMO Holding AG
6) Premier Investment Corporation
7) Japan Logistics Fund Inc.
8) INDUS Holding AG
9) Marudai Food Co. Ltd.
10) NOF Corporation
","1) 0.39%
2) 0.39%
3) 0.38%
4) 0.35%
5) 0.34%
6) 0.34%
7) 0.31%
8) 0.30%
9) 0.30%
10) 0.29%
"
GWL,"1) Nestle S.A.
2) Novartis AG
3) Roche Holding Ltd Genusssch.
4) Toyota Motor Corp.
5) Samsung Electronics Co. Ltd. GDR RegS
6) HSBC Holdings plc
7) Total SA
8) British American Tobacco p.l.c.
9) Anheuser-Busch InBev SA
10) GlaxoSmithKline plc
","1) 1.56%
2) 1.32%
3) 1.22%
4) 1.08%
5) 0.87%
6) 0.79%
7) 0.71%
8) 0.70%
9) 0.68%
10) 0.68%
"
HFEZ,"",""
FEZ,"1) Total SA
2) Sanofi
3) Anheuser-Busch InBev SA
4) Bayer AG
5) SAP SE
6) Siemens AG
7) Daimler AG
8) Allianz SE
9) Unilever NV Cert. of shs
10) BASF SE
","1) 4.89%
2) 4.54%
3) 4.38%
4) 4.36%
5) 3.56%
6) 3.49%
7) 3.33%
8) 3.28%
9) 3.25%
10) 2.96%
"
SMEZ,"1) Teleperformance SE
2) TNT Express NV
3) Societe BIC SA
4) Gamesa Corporacion Tecnologica S.A.
5) freenet AG
6) Neste Corporation
7) Zalando SE
8) Kingspan Group Plc
9) Glanbia Plc
10) Jeronimo Martins SGPS S.A.
","1) 2.20%
2) 2.07%
3) 2.06%
4) 1.92%
5) 1.85%
6) 1.82%
7) 1.75%
8) 1.73%
9) 1.64%
10) 1.63%
"
JPP,"1) Toyota Motor Corp.
2) Nippon Telegraph and Telephone Corporation
3) Mitsubishi UFJ Financial Group Inc.
4) KDDI Corporation
5) Honda Motor Co. Ltd.
6) Japan Tobacco Inc.
7) Takeda Pharmaceutical Co. Ltd.
8) Mizuho Financial Group Inc.
9) SoftBank Group Corp.
10) NTT DoCoMo Inc.
","1) 3.84%
2) 2.34%
3) 1.78%
4) 1.59%
5) 1.48%
6) 1.43%
7) 1.27%
8) 1.21%
9) 1.21%
10) 1.19%
"
JSC,"1) Glory Ltd.
2) Nichirei Corporation
3) Advantest Corp.
4) Oracle Corporation Japan
5) Daiichikosho Co. Ltd.
6) Nihon Kohden Corporation
7) Sumitomo Osaka Cement Co. Ltd.
8) ITO ENLtd.
9) Tsumura & Co.
10) SCREEN Holdings Co. Ltd
","1) 0.45%
2) 0.42%
3) 0.41%
4) 0.41%
5) 0.40%
6) 0.40%
7) 0.40%
8) 0.38%
9) 0.38%
10) 0.37%
"
FEU,"1) Nestle S.A.
2) Novartis AG
3) Roche Holding Ltd Genusssch.
4) HSBC Holdings plc
5) British American Tobacco p.l.c.
6) Total SA
7) GlaxoSmithKline plc
8) Novo Nordisk A/S Class B
9) Sanofi
10) Anheuser-Busch InBev SA
","1) 7.02%
2) 5.50%
3) 5.25%
4) 3.59%
5) 3.00%
6) 2.96%
7) 2.86%
8) 2.78%
9) 2.74%
10) 2.65%
"
XINA,"1) Shanghai Pudong Development Bank Co. Ltd. Class A
2) Industrial Bank Co. Ltd. Class A
3) Kweichow Moutai Co. Ltd. Class A
4) Ping An Insurance (Group) Company of China Ltd. Class A
5) China Merchants Bank Co. Ltd. Class A
6) China Vanke Co. Ltd Class A
7) China Minsheng Banking Corp. Ltd. Class A
8) Bank of China Limited Class A
9) CRRC Corporation Limited Class A
10) Agricultural Bank of China Limited Class A
","1) 1.63%
2) 1.62%
3) 1.59%
4) 1.20%
5) 1.19%
6) 1.07%
7) 0.95%
8) 0.92%
9) 0.91%
10) 0.87%
"
EMFT,"1) Taiwan Semiconductor Manufacturing Co. Ltd. Sponsored ADR
2) Samsung Electronics Co. Ltd. GDR RegS
3) Tencent Holdings Ltd.
4) China Mobile Limited
5) China Construction Bank Corporation Class H
6) Naspers Limited Class N
7) Industrial and Commercial Bank of China Limited Class H
8) Alibaba Group Holding Ltd. Sponsored ADR
9) Bank of China Limited Class H
10) Infosys Limited Sponsored ADR
","1) 9.22%
2) 9.21%
3) 8.11%
4) 5.84%
5) 4.30%
6) 3.86%
7) 3.25%
8) 2.74%
9) 2.70%
10) 2.68%
"
EMBB,"1) Taiwan Semiconductor Manufacturing Co. Ltd. Sponsored ADR
2) Samsung Electronics Co. Ltd. GDR RegS
3) Naspers Limited Class N
4) America Movil SAB de CV Class L
5) Fomento Economico Mexicano SAB de CV Units Cons. Of 1 ShsB And 4 ShsD
6) Hon Hai Precision Industry Co. Ltd. Sponsored GDR RegS
7) PT Telekomunikasi Indonesia Tbk Class B
8) Grupo Televisa S.A.B
9) PT Bank Central Asia Tbk
10) Grupo Financiero Banorte SAB de CV Class O
","1) 4.03%
2) 2.94%
3) 2.57%
4) 1.54%
5) 1.27%
6) 1.19%
7) 1.15%
8) 1.03%
9) 0.99%
10) 0.94%
"
BIK,"1) Tencent Holdings Ltd.
2) Alibaba Group Holding Ltd. Sponsored ADR
3) China Mobile Limited
4) China Construction Bank Corporation Class H
5) Baidu Inc. Sponsored ADR Class A
6) Industrial and Commercial Bank of China Limited Class H
7) Infosys Limited Sponsored ADR
8) Bank of China Limited Class H
9) HDFC Bank Limited Sponsored ADR
10) Ping An Insurance (Group) Company of China Ltd. Class H
","1) 10.91%
2) 8.73%
3) 7.46%
4) 7.19%
5) 4.90%
6) 4.86%
7) 4.15%
8) 3.68%
9) 2.83%
10) 2.66%
"
GXC,"1) Tencent Holdings Ltd.
2) Alibaba Group Holding Ltd. Sponsored ADR
3) China Mobile Limited
4) China Construction Bank Corporation Class H
5) Baidu Inc. Sponsored ADR Class A
6) Industrial and Commercial Bank of China Limited Class H
7) Bank of China Limited Class H
8) Ping An Insurance (Group) Company of China Ltd. Class H
9) JD.com Inc. Sponsored ADR Class A
10) Cnooc Limited
","1) 9.14%
2) 6.56%
3) 5.72%
4) 5.25%
5) 3.76%
6) 3.70%
7) 2.82%
8) 2.06%
9) 1.85%
10) 1.57%
"
GMF,"1) Tencent Holdings Ltd.
2) Taiwan Semiconductor Manufacturing Co. Ltd. Sponsored ADR
3) Alibaba Group Holding Ltd. Sponsored ADR
4) China Mobile Limited
5) China Construction Bank Corporation Class H
6) Baidu Inc. Sponsored ADR Class A
7) Industrial and Commercial Bank of China Limited Class H
8) Hon Hai Precision Industry Co. Ltd.
9) Infosys Limited Sponsored ADR
10) Bank of China Limited Class H
","1) 4.11%
2) 3.42%
3) 2.84%
4) 2.60%
5) 2.22%
6) 1.64%
7) 1.63%
8) 1.47%
9) 1.47%
10) 1.21%
"
GUR,"1) Public Joint-Stock Company Gazprom Sponsored ADR
2) Oil company LUKOIL PJSC Sponsored ADR
3) Sberbank Russia OJSC
4) Magnit PJSC Sponsored GDR RegS
5) Public Joint Stock Company Mining & Metallurgical Company Norilsk Nickel Sponsored ADR
6) Novatek OAO Sponsored GDR RegS
7) Turkiye Garanti Bankasi Anonim Sirketi
8) PKO Bank Polski SA
9) Bank Pekao SA
10) TATNEFT PJSC Sponsored ADR
","1) 7.44%
2) 5.08%
3) 4.51%
4) 2.69%
5) 2.55%
6) 2.46%
7) 2.44%
8) 2.15%
9) 2.05%
10) 2.04%
"
GML,"1) Itau Unibanco Holding S.A. Sponsored ADR Pfd
2) America Movil SAB de CV Class L
3) Ambev SA Sponsored ADR
4) Fomento Economico Mexicano SAB de CV Units Cons. Of 1 ShsB And 4 ShsD
5) Banco Bradesco S.A. Sponsored ADR Pfd
6) Wal-Mart de Mexico SAB de CV
7) Grupo Financiero Banorte SAB de CV Class O
8) Grupo Televisa S.A.B
9) S.A.C.I. Falabella
10) Ultrapar Participacoes S.A. Sponsored ADR
","1) 4.42%
2) 4.37%
3) 4.26%
4) 4.23%
5) 3.06%
6) 3.01%
7) 2.69%
8) 2.20%
9) 1.78%
10) 1.50%
"
GMM,"1) Tencent Holdings Ltd.
2) Alibaba Group Holding Ltd. Sponsored ADR
3) Taiwan Semiconductor Manufacturing Co. Ltd.
4) China Mobile Limited
5) China Construction Bank Corporation Class H
6) Naspers Limited Class N
7) Baidu Inc. Sponsored ADR Class A
8) Industrial and Commercial Bank of China Limited Class H
9) Infosys Limited Sponsored ADR
10) Hon Hai Precision Industry Co. Ltd.
","1) 2.94%
2) 1.97%
3) 1.97%
4) 1.78%
5) 1.63%
6) 1.35%
7) 1.20%
8) 1.13%
9) 1.04%
10) 0.90%
"
EWX,"1) TAL Education Group Unsponsored ADR Class A
2) Tech Pro Technology Development Ltd.
3) Petkim Petrokimya Holding Anonim Sirketi
4) Asseco Poland S.A.
5) Clicks Group Limited
6) Parque Arauco S.A.
7) Eurocash S.A.
8) SKS Microfinance Limited
9) Bursa Malaysia Bhd.
10) PT Summarecon Agung Tbk
","1) 0.61%
2) 0.53%
3) 0.47%
4) 0.42%
5) 0.42%
6) 0.40%
7) 0.39%
8) 0.39%
9) 0.38%
10) 0.38%
"
GAF,"1) Naspers Limited Class N
2) Steinhoff International Holdings NV
3) MTN Group Limited
4) Sasol Limited
5) FirstRand Limited
6) Standard Bank Group Limited
7) Qatar National Bank SAQ
8) Emirates Telecommunications Group Company PJSC
9) Remgro Limited
10) Bidvest Group Limited
","1) 13.63%
2) 4.80%
3) 3.98%
4) 3.93%
5) 2.74%
6) 2.52%
7) 2.37%
8) 2.20%
9) 2.04%
10) 1.97%
"
RBL,"1) Public Joint-Stock Company Gazprom Sponsored ADR
2) Oil company LUKOIL PJSC Sponsored ADR
3) Sberbank Russia OJSC Sponsored ADR
4) Novatek OAO Sponsored GDR RegS
5) TATNEFT PJSC Sponsored ADR
6) Magnit PJSC Sponsored GDR RegS
7) Public Joint Stock Company Mining & Metallurgical Company Norilsk Nickel Sponsored ADR
8) Surgutneftegas OJSC Sponsored ADR
9) VTB Bank PJSC Sponsored GDR RegS
10) Sberbank Russia OJSC Sponsored ADR
","1) 14.20%
2) 10.54%
3) 6.83%
4) 5.23%
5) 5.03%
6) 4.88%
7) 4.43%
8) 4.12%
9) 4.08%
10) 3.71%
"
IPD,"1) Toyota Motor Corp.
2) Daimler AG
3) LVMH Moet Hennessy Louis Vuitton SE
4) Honda Motor Co. Ltd.
5) Compass Group PLC
6) Industria de Diseno Textil S.A.
7) Compagnie Financiere Richemont SA
8) WPP Plc
9) Bridgestone Corporation
10) Hennes & Mauritz AB Class B
","1) 7.85%
2) 3.43%
3) 2.28%
4) 2.12%
5) 1.97%
6) 1.80%
7) 1.75%
8) 1.67%
9) 1.63%
10) 1.63%
"
IPS,"1) Nestle S.A.
2) British American Tobacco p.l.c.
3) Anheuser-Busch InBev SA
4) Unilever NV Cert. of shs
5) Diageo plc
6) Reckitt Benckiser Group plc
7) SABMiller plc
8) Unilever PLC
9) Imperial Brands PLC
10) Danone SA
","1) 13.80%
2) 5.83%
3) 5.55%
4) 4.21%
5) 3.85%
6) 3.46%
7) 3.27%
8) 3.26%
9) 3.07%
10) 2.64%
"
IPW,"1) Total SA
2) BP p.l.c.
3) Royal Dutch Shell Plc Class A
4) BG Group plc
5) Royal Dutch Shell Plc Class B
6) Suncor Energy Inc.
7) Eni S.p.A.
8) Enbridge Inc.
9) TransCanada Corporation
10) Canadian Natural Resources Limited
","1) 12.32%
2) 10.15%
3) 10.05%
4) 6.60%
5) 6.51%
6) 4.68%
7) 4.39%
8) 3.70%
9) 3.44%
10) 3.03%
"
IPF,"1) HSBC Holdings plc
2) Commonwealth Bank of Australia
3) Toronto-Dominion Bank
4) Royal Bank of Canada
5) Westpac Banking Corporation
6) Allianz SE
7) AIA Group Limited
8) Mitsubishi UFJ Financial Group Inc.
9) UBS Group AG
10) Bank of Nova Scotia
","1) 3.44%
2) 2.55%
3) 2.07%
4) 2.01%
5) 1.99%
6) 1.96%
7) 1.89%
8) 1.82%
9) 1.66%
10) 1.47%
"
IRY,"1) Novartis AG
2) Roche Holding Ltd Genusssch.
3) GlaxoSmithKline plc
4) Sanofi
5) Novo Nordisk A/S Class B
6) Bayer AG
7) AstraZeneca PLC
8) Teva Pharmaceutical Industries Limited
9) Takeda Pharmaceutical Co. Ltd.
10) CSL Limited
","1) 11.19%
2) 10.10%
3) 5.41%
4) 5.37%
5) 5.30%
6) 5.06%
7) 4.62%
8) 3.54%
9) 2.29%
10) 2.21%
"
IPN,"1) Siemens AG
2) Canadian National Railway Company
3) ABB Ltd.
4) Central Japan Railway Company
5) CK Hutchison Holdings Ltd
6) East Japan Railway Company
7) Airbus Group SE
8) VINCI SA
9) Schneider Electric SE
10) Fanuc Corporation
","1) 3.49%
2) 2.13%
3) 1.88%
4) 1.79%
5) 1.75%
6) 1.72%
7) 1.66%
8) 1.60%
9) 1.54%
10) 1.40%
"
IRV,"1) BASF SE
2) Syngenta AG
3) Air Liquide SA
4) BHP Billiton Limited
5) Rio Tinto plc
6) Linde AG
7) Shin-Etsu Chemical Co Ltd
8) CRH Plc
9) BHP Billiton Plc
10) Nippon Steel & Sumitomo Metal Corp.
","1) 5.77%
2) 3.65%
3) 3.49%
4) 3.32%
5) 3.02%
6) 2.40%
7) 2.18%
8) 2.15%
9) 1.90%
10) 1.85%
"
IPK,"1) Samsung Electronics Co. Ltd. GDR RegS
2) SAP SE
3) ASML Holding NV
4) Canon Inc.
5) LM Ericsson Telefon AB Class B
6) Murata Manufacturing Co. Ltd.
7) Nokia Oyj
8) HitachiLtd.
9) Keyence Corporation
10) Fujifilm Holdings Corporation
","1) 12.24%
2) 7.07%
3) 3.59%
4) 3.03%
5) 2.73%
6) 2.34%
7) 2.16%
8) 2.01%
9) 1.99%
10) 1.90%
"
IST,"1) Vodafone Group PLC
2) BT Group plc
3) Deutsche Telekom AG
4) KDDI Corporation
5) Telefonica SA
6) Nippon Telegraph and Telephone Corporation
7) NTT DoCoMo Inc.
8) SoftBank Group Corp.
9) Orange SA
10) Singapore Telecommunications Limited
","1) 9.86%
2) 6.90%
3) 6.49%
4) 6.09%
5) 5.60%
6) 5.31%
7) 5.22%
8) 5.04%
9) 4.99%
10) 4.07%
"
IPU,"1) National Grid plc
2) Iberdrola SA
3) Enel S.p.A.
4) ENGIE SA
5) SSE plc
6) E.ON SE
7) CLP Holdings Limited
8) Centrica plc
9) Power Assets Holdings Limited
10) Hong Kong & China Gas Co. Ltd.
","1) 10.01%
2) 7.55%
3) 5.17%
4) 4.59%
5) 3.59%
6) 3.45%
7) 3.18%
8) 2.57%
9) 2.25%
10) 2.19%
"
SPYD,"1) CenturyLink Inc.
2) Mattel Inc.
3) Realty Income Corporation
4) Cummins Inc.
5) Eaton Corp. Plc
6) CMS Energy Corporation
7) Exelon Corporation
8) Consolidated Edison Inc.
9) Duke Energy Corporation
10) Xcel Energy Inc.
","1) 1.46%
2) 1.45%
3) 1.41%
4) 1.40%
5) 1.39%
6) 1.37%
7) 1.37%
8) 1.35%
9) 1.35%
10) 1.35%
"
SDY,"1) AT&T Inc.
2) Questar Corporation
3) Realty Income Corporation
4) Chevron Corporation
5) National Retail Properties Inc.
6) Caterpillar Inc.
7) Consolidated Edison Inc.
8) Emerson Electric Co.
9) HCP Inc.
10) People's United Financial Inc.
","1) 2.12%
2) 2.03%
3) 1.90%
4) 1.75%
5) 1.75%
6) 1.69%
7) 1.59%
8) 1.54%
9) 1.54%
10) 1.52%
"
EDIV,"1) MTN Group Limited
2) Advanced Info Service Public Co. Ltd. NVDR
3) Turkcell Iletisim Hizmetleri A.S.
4) Eregli Demir ye celik Fabrikalari T.A.S.
5) Huaneng Power International Inc. Class H
6) Vodacom Group Limited
7) SK Telecom Co. Ltd.
8) Mobile TeleSystems PJSC Sponsored ADR
9) CCR S.A.
10) Realtek Semiconductor Corp
","1) 4.03%
2) 3.61%
3) 3.44%
4) 3.28%
5) 3.20%
6) 3.11%
7) 2.89%
8) 2.86%
9) 2.79%
10) 2.29%
"
WDIV,"1) MTN Group Limited
2) Advanced Info Service Public Co. Ltd. NVDR
3) Williams Companies Inc.
4) Teliasonera AB
5) Fortum Oyj
6) Enbridge Income Fund Holdings Inc.
7) R.R. Donnelley & Sons Company
8) Mattel Inc.
9) Foschini Group Limited
10) AT&T Inc.
","1) 2.87%
2) 2.19%
3) 2.05%
4) 1.75%
5) 1.74%
6) 1.69%
7) 1.62%
8) 1.61%
9) 1.44%
10) 1.43%
"
HDWX,"",""
DWX,"1) Crescent Point Energy Corp.
2) Woodside Petroleum Ltd
3) Sands China Ltd.
4) Rio Tinto plc
5) Electricite de France SA
6) Woolworths Ltd
7) Fortum Oyj
8) National Grid plc
9) Pembina Pipeline Corporation
10) SSE plc
","1) 3.47%
2) 3.14%
3) 2.92%
4) 2.84%
5) 2.80%
6) 2.79%
7) 2.49%
8) 2.46%
9) 2.30%
10) 2.18%
"
QAUS,"1) Wesfarmers Limited
2) CSL Limited
3) Telstra Corporation Limited
4) Woolworths Ltd
5) Commonwealth Bank of Australia
6) Westpac Banking Corporation
7) Australia and New Zealand Banking Group Limited
8) National Australia Bank Limited
9) Amcor Ltd
10) Westfield Corporation
","1) 8.24%
2) 6.01%
3) 5.70%
4) 5.58%
5) 5.55%
6) 4.87%
7) 4.18%
8) 3.95%
9) 3.53%
10) 3.30%
"
QCAN,"1) Toronto-Dominion Bank
2) Royal Bank of Canada
3) Canadian Imperial Bank of Commerce
4) Canadian National Railway Company
5) Bank of Nova Scotia
6) Imperial Oil Limited
7) Intact Financial Corporation
8) Great-West Lifeco Inc.
9) Metro Inc.
10) Bank of Montreal
","1) 3.74%
2) 3.65%
3) 3.47%
4) 3.38%
5) 3.20%
6) 3.16%
7) 3.07%
8) 2.93%
9) 2.87%
10) 2.66%
"
QEFA,"1) Nestle S.A.
2) Roche Holding Ltd Genusssch.
3) Novartis AG
4) Novo Nordisk A/S Class B
5) British American Tobacco p.l.c.
6) AstraZeneca PLC
7) Reckitt Benckiser Group plc
8) Unilever PLC
9) Diageo plc
10) HSBC Holdings plc
","1) 2.72%
2) 2.28%
3) 1.87%
4) 1.55%
5) 1.46%
6) 1.20%
7) 1.10%
8) 1.08%
9) 0.96%
10) 0.91%
"
QEMM,"1) Taiwan Semiconductor Manufacturing Co. Ltd.
2) China Mobile Limited
3) Tencent Holdings Ltd.
4) Samsung Electronics Co. Ltd. GDR RegS
5) Infosys Limited Sponsored ADR
6) China Construction Bank Corporation Class H
7) Alibaba Group Holding Ltd. Sponsored ADR
8) Ambev SA Sponsored ADR
9) Bank of China Limited Class H
10) Tata Consultancy Services Limited
","1) 3.16%
2) 2.61%
3) 2.11%
4) 1.94%
5) 1.55%
6) 1.32%
7) 1.26%
8) 1.11%
9) 1.04%
10) 1.01%
"
QDEU,"1) Siemens AG
2) SAP SE
3) Allianz SE
4) BASF SE
5) Fresenius Medical Care AG & Co. KGaA
6) Bayer AG
7) Munich Reinsurance Company
8) Daimler AG
9) Beiersdorf AG
10) Henkel AG & Co. KGaA Pref
","1) 5.03%
2) 4.24%
3) 4.23%
4) 4.23%
5) 3.75%
6) 3.68%
7) 3.49%
8) 3.31%
9) 3.17%
10) 3.16%
"
QJPN,"1) KDDI Corporation
2) Japan Tobacco Inc.
3) Kao Corp.
4) Toyota Motor Corp.
5) Astellas Pharma Inc.
6) Bridgestone Corporation
7) Fuji Heavy Industries Ltd.
8) Fanuc Corporation
9) Keyence Corporation
10) Otsuka Holdings Co. Ltd.
","1) 2.90%
2) 2.67%
3) 2.52%
4) 2.52%
5) 2.50%
6) 2.49%
7) 1.92%
8) 1.73%
9) 1.64%
10) 1.64%
"
QMEX,"1) America Movil SAB de CV Class L
2) Fomento Economico Mexicano SAB de CV Units Cons. Of 1 ShsB And 4 ShsD
3) Wal-Mart de Mexico SAB de CV
4) Grupo Mexico S.A.B. de C.V. Class B
5) Grupo Televisa S.A.B
6) Grupo Financiero Banorte SAB de CV Class O
7) Arca Continental SAB de CV
8) Promotora y Operadora de Infraestructura SA
9) Grupo Bimbo SAB de CV Class A
10) Grupo Aeroportuario del Sureste SA de CV Class B
","1) 12.11%
2) 9.63%
3) 9.41%
4) 5.58%
5) 5.14%
6) 4.34%
7) 3.36%
8) 3.34%
9) 3.32%
10) 3.25%
"
QKOR,"1) Samsung Electronics Co. Ltd.
2) Hyundai Mobis Co. Ltd
3) Hyundai Motor Company
4) NAVER Corp.
5) KT & G Corporation
6) KIA Motors Corporation
7) Samsung Electronics Co Ltd Pfd  Non-Voting
8) Samsung Fire & Marine Insurance Co. Ltd
9) Amorepacific Corp.
10) Korea Electric Power Corporation
","1) 16.66%
2) 4.07%
3) 3.90%
4) 3.74%
5) 3.14%
6) 3.08%
7) 3.00%
8) 2.95%
9) 2.35%
10) 2.17%
"
QESP,"1) Banco Santander S.A.
2) Iberdrola SA
3) Telefonica SA
4) Industria de Diseno Textil S.A.
5) Banco Bilbao Vizcaya Argentaria S.A.
6) Amadeus IT Holding SA Class A
7) Enagas SA
8) Red Electrica Corp. SA
9) Repsol SA
10) Endesa S.A.
","1) 11.07%
2) 9.18%
3) 9.08%
4) 7.80%
5) 6.26%
6) 4.68%
7) 4.34%
8) 4.15%
9) 4.13%
10) 4.06%
"
QTWN,"1) Taiwan Semiconductor Manufacturing Co. Ltd.
2) Hon Hai Precision Industry Co. Ltd.
3) Chunghwa Telecom Co. Ltd
4) Delta Electronics Inc.
5) MediaTek Inc
6) LARGAN Precision Co. Ltd.
7) Taiwan Mobile Co. Ltd.
8) President Chain Store Corporation
9) Catcher Technology Co. Ltd.
10) Quanta Computer Inc.
","1) 16.08%
2) 5.77%
3) 5.71%
4) 3.60%
5) 3.35%
6) 3.03%
7) 2.76%
8) 2.55%
9) 2.14%
10) 1.97%
"
QGBR,"1) HSBC Holdings plc
2) BP p.l.c.
3) British American Tobacco p.l.c.
4) Unilever PLC
5) Royal Dutch Shell Plc Class A
6) Reckitt Benckiser Group plc
7) AstraZeneca PLC
8) Compass Group PLC
9) BT Group plc
10) RELX PLC
","1) 4.19%
2) 3.82%
3) 3.73%
4) 3.60%
5) 3.58%
6) 3.28%
7) 3.18%
8) 3.14%
9) 3.12%
10) 2.72%
"
QUS,"1) Johnson & Johnson
2) Microsoft Corporation
3) Apple Inc.
4) PepsiCo Inc.
5) Exxon Mobil Corporation
6) Home Depot Inc.
7) McDonald's Corporation
8) Visa Inc. Class A
9) Intel Corporation
10) Alphabet Inc. Class A
","1) 2.77%
2) 2.40%
3) 2.36%
4) 1.75%
5) 1.71%
6) 1.69%
7) 1.57%
8) 1.46%
9) 1.37%
10) 1.23%
"
QWLD,"1) Apple Inc.
2) Microsoft Corporation
3) Johnson & Johnson
4) Nestle S.A.
5) Procter & Gamble Company
6) Roche Holding Ltd Genusssch.
7) PepsiCo Inc.
8) McDonald's Corporation
9) Exxon Mobil Corporation
10) Alphabet Inc. Class A
","1) 1.88%
2) 1.77%
3) 1.75%
4) 1.43%
5) 1.40%
6) 1.12%
7) 1.07%
8) 1.04%
9) 1.01%
10) 0.88%
"
LGLV,"1) Church & Dwight Co. Inc.
2) Henry Schein Inc.
3) Honeywell International Inc.
4) Procter & Gamble Company
5) AT&T Inc.
6) Fiserv Inc.
7) PepsiCo Inc.
8) Marsh & McLennan Companies Inc.
9) Coca-Cola Company
10) Intuit Inc.
","1) 2.19%
2) 2.18%
3) 2.12%
4) 2.09%
5) 2.08%
6) 2.04%
7) 2.03%
8) 2.03%
9) 2.02%
10) 2.00%
"
ONEV,"1) Sysco Corporation
2) Genuine Parts Company
3) AmerisourceBergen Corporation
4) Kimberly-Clark Corporation
5) Henry Schein Inc.
6) Progressive Corporation
7) Kroger Co.
8) Amdocs Limited
9) Everest RE Group Ltd.
10) Omnicom Group Inc
","1) 1.46%
2) 1.10%
3) 1.08%
4) 1.07%
5) 0.99%
6) 0.99%
7) 0.96%
8) 0.89%
9) 0.87%
10) 0.80%
"
ONEO,"1) Tyson Foods Inc. Class A
2) Kroger Co.
3) Lear Corporation
4) ManpowerGroup Inc.
5) Valero Energy Corporation
6) Alaska Air Group Inc.
7) Foot Locker Inc.
8) HollyFrontier Corporation
9) Health Net Inc.
10) Darden Restaurants Inc.
","1) 0.83%
2) 0.67%
3) 0.61%
4) 0.61%
5) 0.59%
6) 0.58%
7) 0.55%
8) 0.53%
9) 0.52%
10) 0.51%
"
ONEY,"1) CenturyLink Inc.
2) Sysco Corporation
3) Genuine Parts Company
4) Kimberly-Clark Corporation
5) National Oilwell Varco Inc.
6) Mattel Inc.
7) KLA-Tencor Corporation
8) Occidental Petroleum Corporation
9) Coach Inc.
10) H&R Block Inc.
","1) 1.76%
2) 1.71%
3) 1.22%
4) 1.17%
5) 1.17%
6) 1.16%
7) 1.15%
8) 1.12%
9) 1.07%
10) 0.96%
"
SMLV,"1) Owens & Minor Inc.
2) Laclede Group Inc.
3) Avista Corporation
4) IDACORP Inc.
5) Portland General Electric Company
6) PS Business Parks Inc.
7) Capitol Federal Financial Inc.
8) Cleco Corporation
9) Pool Corporation
10) RLI Corp.
","1) 2.26%
2) 2.22%
3) 2.15%
4) 2.14%
5) 2.12%
6) 2.07%
7) 2.07%
8) 2.04%
9) 2.00%
10) 2.00%
"
MMTM,"1) Microsoft Corporation
2) General Electric Company
3) Facebook Inc. Class A
4) Alphabet Inc. Class A
5) Alphabet Inc. Class C
6) Amazon.com Inc.
7) JPMorgan Chase & Co.
8) Johnson & Johnson
9) AT&T Inc.
10) Home Depot Inc.
","1) 4.15%
2) 2.57%
3) 2.42%
4) 2.27%
5) 2.24%
6) 2.14%
7) 1.71%
8) 1.51%
9) 1.45%
10) 1.34%
"
VLU,"1) Exxon Mobil Corporation
2) AT&T Inc.
3) Berkshire Hathaway Inc. Class B
4) JPMorgan Chase & Co.
5) Wal-Mart Stores Inc.
6) Microsoft Corporation
7) Chevron Corporation
8) General Electric Company
9) Wells Fargo & Company
10) Apple Inc.
","1) 3.40%
2) 2.47%
3) 2.21%
4) 2.17%
5) 1.92%
6) 1.81%
7) 1.74%
8) 1.70%
9) 1.65%
10) 1.59%
"
SPYB,"1) Michael Kors Holdings Ltd
2) 3M Company
3) Allstate Corporation
4) Aon plc
5) Illinois Tool Works Inc.
6) Parker-Hannifin Corporation
7) Urban Outfitters Inc.
8) Macy's Inc
9) O'Reilly Automotive Inc.
10) W.W. Grainger Inc.
","1) 1.39%
2) 1.14%
3) 1.14%
4) 1.14%
5) 1.14%
6) 1.14%
7) 1.14%
8) 1.13%
9) 1.13%
10) 1.12%
"
CBND,"1) VERISK ANALYTICS INC 4 06/15/2025
2) BNP PARIBAS 2.375 05/21/2020
3) WEINGARTEN REALTY INVEST 4.45 01/15/2024
4) GLAXOSMITHKLINE CAP INC 5.65 05/15/2018
5) BAXTER INTERNATIONAL INC 5.375 06/01/2018
6) LEND PROC SER/BLK KNGHT 5.75 04/15/2023
7) REGENCY CENTERS LP 3.9 11/01/2025
8) THERMO FISHER SCIENTIFIC 3.3 02/15/2022
9) 3M COMPANY 2 08/07/2020
10) AIRGAS INC 3.05 08/01/2020
","1) 0.63%
2) 0.54%
3) 0.47%
4) 0.40%
5) 0.39%
6) 0.38%
7) 0.37%
8) 0.37%
9) 0.37%
10) 0.37%
"
JNK,"1) FRONTIER COMMUNICATIONS 11 09/15/2025
2) NUMERICABLE-SFR SAS 6 05/15/2022
3) REYNOLDS GRP ISS/REYNOLD 5.75 10/15/2020
4) FIRST DATA CORPORATION 7 12/01/2023
5) HCA INC 6.5 02/15/2020
6) VALEANT PHARMACEUTICALS 6.125 04/15/2025
7) SPRINT COMMUNICATIONS 9 11/15/2018
8) TENET HEALTHCARE CORP 8.125 04/01/2022
9) SPRINT CORP 7.875 09/15/2023
10) VALEANT PHARMACEUTICALS 5.875 05/15/2023
","1) 0.61%
2) 0.60%
3) 0.60%
4) 0.57%
5) 0.54%
6) 0.52%
7) 0.51%
8) 0.49%
9) 0.48%
10) 0.48%
"
IJNK,"1) WIND ACQUISITION FIN SA 7.375 04/23/2021
2) ITAU UNIBANCO HLDG SA/KY 5.65 03/19/2022
3) VIRGIN MEDIA SECURED FIN 5.375 04/15/2021
4) WIND ACQUISITION FIN SA 7 04/23/2021
5) AEROPUERTOS DOMINICANOS 9.75 11/13/2019
6) COMMERZBANK AG 8.125 09/19/2023
7) CEMEX FINANCE LLC 9.375 10/12/2022
8) ALFA BANK (ALFA BOND) 7.5 09/26/2019
9) NXP BV/NXP FUNDING LLC 3.75 06/01/2018
10) UNITYMEDIA GMBH 6.125 01/15/2025
","1) 1.44%
2) 1.12%
3) 0.93%
4) 0.86%
5) 0.85%
6) 0.85%
7) 0.83%
8) 0.82%
9) 0.80%
10) 0.80%
"
SJNK,"1) HCA INC 6.5 02/15/2020
2) REYNOLDS GRP ISS/REYNOLD 5.75 10/15/2020
3) US TREASURY N/B 1.375 01/31/2021
4) SOFTBANK GROUP CORP 4.5 04/15/2020
5) NUMERICABLE-SFR SAS 4.875 05/15/2019
6) NAVIENT CORP 8.45 06/15/2018
7) VALEANT PHARMACEUTICALS 6.375 10/15/2020
8) SPRINT COMMUNICATIONS 9 11/15/2018
9) VALEANT PHARMACEUTICALS 5.375 03/15/2020
10) INTELSAT JACKSON HLDG 7.25 10/15/2020
","1) 0.96%
2) 0.75%
3) 0.73%
4) 0.72%
5) 0.64%
6) 0.62%
7) 0.60%
8) 0.58%
9) 0.58%
10) 0.57%
"
CJNK,"1) HCA INC 5.875 02/15/2026
2) FORD MOTOR CREDIT CO LLC 3.2 01/15/2021
3) NAVIENT CORP 8 03/25/2020
4) INTESA SANPAOLO SPA 5.71 01/15/2026
5) ROYAL BK SCOTLND GRP PLC 6.125 12/15/2022
6) VERIZON COMMUNICATIONS 5.15 09/15/2023
7) ALLY FINANCIAL INC 8 11/01/2031
8) CNH INDUSTRIAL CAPITAL L 4.375 11/06/2020
9) DISH DBS CORP 4.25 04/01/2018
10) ARCELORMITTAL 5.5 02/25/2017
","1) 0.82%
2) 0.64%
3) 0.62%
4) 0.61%
5) 0.58%
6) 0.55%
7) 0.53%
8) 0.52%
9) 0.49%
10) 0.49%
"
ITR,"1) GE CAPITAL INTL FUNDING 2.342 11/15/2020
2) VERIZON COMMUNICATIONS 5.15 09/15/2023
3) BANK OF AMERICA CORP 6.875 04/25/2018
4) GENERAL ELECTRIC CO 5.25 12/06/2017
5) ABBVIE INC 2.9 11/06/2022
6) APPLE INC 2.4 05/03/2023
7) WELLS FARGO & COMPANY 3.3 09/09/2024
8) GOLDMAN SACHS GROUP INC 6 06/15/2020
9) MORGAN STANLEY 5.5 07/28/2021
10) MORGAN STANLEY 6.625 04/01/2018
","1) 0.62%
2) 0.29%
3) 0.24%
4) 0.23%
5) 0.22%
6) 0.22%
7) 0.20%
8) 0.20%
9) 0.19%
10) 0.19%
"
FLRN,"1) GOLDMAN SACHS GROUP INC 1.036 03/22/2016
2) KOMMUNALBANKEN AS 0.983 03/27/2017
3) TORONTO-DOMINION BANK 0.937 09/09/2016
4) NATIONAL AUSTRALIA BK/NY 1.169 07/25/2016
5) JPMORGAN CHASE & CO 1.519 01/25/2018
6) COMMONWEALTH BANK AUST 1.119 09/20/2016
7) JPMORGAN CHASE & CO 1.022 02/26/2016
8) VERIZON COMMUNICATIONS 2.042 09/15/2016
9) CITIGROUP INC 0.747 06/09/2016
10) NEDER WATERSCHAPSBANK 0.589 02/14/2018
","1) 1.57%
2) 0.95%
3) 0.89%
4) 0.85%
5) 0.85%
6) 0.85%
7) 0.85%
8) 0.74%
9) 0.71%
10) 0.69%
"
LWC,"1) ANHEUSER-BUSCH INBEV FIN 3.65 02/01/2026
2) ANHEUSER-BUSCH INBEV FIN 4.9 02/01/2046
3) GE CAPITAL INTL FUNDING 4.418 11/15/2035
4) VERIZON COMMUNICATIONS 6.55 09/15/2043
5) VERIZON COMMUNICATIONS 4.672 03/15/2055
6) GOLDMAN SACHS GROUP INC 6.75 10/01/2037
7) DEUTSCHE TELEKOM INT FIN 8.75 06/15/2030
8) ABBVIE INC 4.4 11/06/2042
9) VERIZON COMMUNICATIONS 5.012 08/21/2054
10) GOLDMAN SACHS GROUP INC 6.25 02/01/2041
","1) 1.14%
2) 0.90%
3) 0.85%
4) 0.70%
5) 0.49%
6) 0.44%
7) 0.35%
8) 0.35%
9) 0.32%
10) 0.31%
"
SCPB,"1) US TREASURY N/B 1.125 01/15/2019
2) BANK OF AMERICA CORP 6.875 04/25/2018
3) MORGAN STANLEY 6.625 04/01/2018
4) GOLDMAN SACHS GROUP INC 6.15 04/01/2018
5) JPMORGAN CHASE & CO 6 01/15/2018
6) CITIGROUP INC 1.8 02/05/2018
7) GENERAL ELECTRIC CO 5.25 12/06/2017
8) ANHEUSER-BUSCH INBEV FIN 1.9 02/01/2019
9) GOLDMAN SACHS GROUP INC 5.95 01/18/2018
10) GE CAPITAL INTL FUNDING 2.342 11/15/2020
","1) 1.46%
2) 0.86%
3) 0.58%
4) 0.56%
5) 0.54%
6) 0.50%
7) 0.50%
8) 0.50%
9) 0.46%
10) 0.45%
"
SIPE,"1) TSY INFL IX N/B 0.125 04/15/2018
2) TSY INFL IX N/B 0.125 04/15/2019
3) TSY INFL IX N/B 0.125 04/15/2020
4) TSY INFL IX N/B 0.125 04/15/2017
5) TSY INFL IX N/B 1.125 01/15/2021
6) TSY INFL IX N/B 0.125 04/15/2016
7) TSY INFL IX N/B 1.25 07/15/2020
8) TSY INFL IX N/B 2.5 07/15/2016
9) TSY INFL IX N/B 1.375 01/15/2020
10) TSY INFL IX N/B 2.375 01/15/2017
","1) 10.86%
2) 10.72%
3) 10.70%
4) 9.77%
5) 8.80%
6) 8.33%
7) 7.85%
8) 5.03%
9) 4.63%
10) 4.38%
"
TIPX,"1) TSY INFL IX N/B 0.125 04/15/2018
2) TSY INFL IX N/B 0.125 04/15/2019
3) TSY INFL IX N/B 0.125 04/15/2020
4) TSY INFL IX N/B 0.125 04/15/2017
5) TSY INFL IX N/B 0.125 01/15/2022
6) TSY INFL IX N/B 0.625 01/15/2024
7) TSY INFL IX N/B 0.125 07/15/2022
8) TSY INFL IX N/B 0.375 07/15/2023
9) TSY INFL IX N/B 1.125 01/15/2021
10) TSY INFL IX N/B 0.375 07/15/2025
","1) 6.10%
2) 6.02%
3) 6.01%
4) 5.53%
5) 5.11%
6) 5.04%
7) 5.00%
8) 4.99%
9) 4.95%
10) 4.85%
"
BIL,"1) TREASURY BILL 0 04/28/2016
2) TREASURY BILL 0 03/03/2016
3) TREASURY BILL 0 03/31/2016
4) TREASURY BILL 0 04/21/2016
5) TREASURY BILL 0 03/10/2016
6) TREASURY BILL 0 04/07/2016
7) TREASURY BILL 0 03/17/2016
8) TREASURY BILL 0 03/24/2016
9) TREASURY BILL 0 04/14/2016
","1) 15.93%
2) 14.44%
3) 13.31%
4) 10.68%
5) 9.37%
6) 9.19%
7) 9.00%
8) 9.00%
9) 9.00%
"
ITE,"1) US TREASURY N/B 1.375 10/31/2020
2) US TREASURY N/B 1.125 04/30/2020
3) US TREASURY N/B 2 08/15/2025
4) US TREASURY N/B 1.625 08/15/2022
5) US TREASURY N/B 4.25 11/15/2017
6) US TREASURY N/B 1.25 01/31/2019
7) US TREASURY N/B 2.875 03/31/2018
8) US TREASURY N/B 1.5 10/31/2019
9) US TREASURY N/B 2.25 11/15/2025
10) US TREASURY N/B 3.125 04/30/2017
","1) 3.10%
2) 2.64%
3) 2.63%
4) 2.33%
5) 2.32%
6) 2.27%
7) 2.27%
8) 1.99%
9) 1.40%
10) 1.25%
"
TLO,"1) US TREASURY N/B 3.625 02/15/2044
2) US TREASURY N/B 2.875 08/15/2045
3) US TREASURY N/B 4.75 02/15/2041
4) US TREASURY N/B 4.375 05/15/2041
5) US TREASURY N/B 2.5 02/15/2045
6) US TREASURY N/B 3.375 05/15/2044
7) US TREASURY N/B 3.75 11/15/2043
8) US TREASURY N/B 3.125 08/15/2044
9) US TREASURY N/B 2.875 05/15/2043
10) US TREASURY N/B 3 11/15/2045
","1) 7.67%
2) 6.49%
3) 5.70%
4) 5.24%
5) 4.62%
6) 4.52%
7) 3.74%
8) 3.63%
9) 3.60%
10) 3.45%
"
SST,"1) US TREASURY N/B 1.375 09/30/2018
2) US TREASURY N/B 0.75 02/28/2018
3) US TREASURY N/B 1.625 04/30/2019
4) US TREASURY N/B 0.625 05/31/2017
5) US TREASURY N/B 1.875 08/31/2017
6) US TREASURY N/B 1.625 07/31/2019
7) US TREASURY N/B 0.625 09/30/2017
8) US TREASURY N/B 1.375 08/31/2020
9) US TREASURY N/B 0.625 02/15/2017
10) US TREASURY N/B 1.375 07/31/2018
","1) 2.56%
2) 2.18%
3) 2.10%
4) 1.76%
5) 1.68%
6) 1.60%
7) 1.43%
8) 1.38%
9) 1.31%
10) 1.31%
"
IPE,"1) TSY INFL IX N/B 0.125 04/15/2018
2) TSY INFL IX N/B 0.125 04/15/2019
3) TSY INFL IX N/B 0.125 04/15/2020
4) TSY INFL IX N/B 0.125 04/15/2017
5) TSY INFL IX N/B 0.125 01/15/2022
6) TSY INFL IX N/B 0.625 01/15/2024
7) TSY INFL IX N/B 0.125 07/15/2022
8) TSY INFL IX N/B 0.375 07/15/2023
9) TSY INFL IX N/B 1.125 01/15/2021
10) TSY INFL IX N/B 0.125 01/15/2023
","1) 4.56%
2) 4.50%
3) 4.49%
4) 4.09%
5) 3.79%
6) 3.74%
7) 3.71%
8) 3.70%
9) 3.68%
10) 3.66%
"
MBG,"1) Fannie Mae 4 12/31/2049
2) Freddie Mac 2.5 12/31/2049
3) Freddie Mac 4 12/31/2049
4) Government National Mortgage A 3 12/31/2049
5) Government National Mortgage A 4 12/31/2049
6) Fannie Mae 3 12/31/2049
7) Fannie Mae 3.5 12/31/2049
8) Freddie Mac 3.5 12/31/2049
9) Fannie Mae 3.5 02/01/2045
10) Freddie Mac 3 10/01/2043
","1) 1.90%
2) 1.87%
3) 1.83%
4) 1.80%
5) 1.17%
6) 1.09%
7) 1.05%
8) 1.02%
9) 1.00%
10) 0.95%
"
BNDS,"1) US TREASURY N/B 1.375 01/31/2020
2) US TREASURY N/B 0.5 02/28/2017
3) US TREASURY N/B 2.5 05/15/2024
4) US TREASURY N/B 2 02/15/2023
5) US TREASURY N/B 2.75 02/15/2024
6) US TREASURY N/B 2.25 11/15/2024
7) US TREASURY N/B 1.375 02/29/2020
8) US TREASURY N/B 1.25 01/31/2020
9) US TREASURY N/B 0.625 04/30/2018
10) US TREASURY N/B 1.5 12/31/2018
","1) 1.52%
2) 1.49%
3) 1.00%
4) 0.82%
5) 0.77%
6) 0.75%
7) 0.72%
8) 0.69%
9) 0.67%
10) 0.59%
"
BABS,"1) CALIFORNIA ST 7.55 04/01/2039
2) CALIFORNIA ST 7.6 11/01/2040
3) CALIFORNIA ST 7.5 04/01/2034
4) MASSACHUSETTS ST 4.2 12/01/2021
5) CALIFORNIA ST 7.3 10/01/2039
6) NEW JERSEY ST TURNPIKE AUTH 7.414 01/01/2040
7) BAY AREA CA TOLL AUTH TOLL BRI 6.263 04/01/2049
8) LOS ANGELES CA UNIF SCH DIST 6.758 07/01/2034
9) CALIFORNIA ST 7.625 03/01/2040
10) NEW JERSEY ST TURNPIKE AUTH 7.102 01/01/2041
","1) 3.85%
2) 2.76%
3) 2.43%
4) 2.40%
5) 2.12%
6) 2.08%
7) 1.76%
8) 1.75%
9) 1.69%
10) 1.64%
"
CXA,"1) UNIV OF CALIFORNIA CA REVENUES 5 05/15/2031
2) CALIFORNIA ST 5 08/01/2022
3) CALIFORNIA ST 5 08/01/2018
4) LOS ANGELES CA UNIF SCH DIST 5 07/01/2023
5) BAY AREA CA TOLL AUTH TOLL BRI 5 04/01/2024
6) CALIFORNIA ST DEPT OF WTR RESO 5 05/01/2021
7) UNIV OF CALIFORNIA CA REVENUES 5 05/15/2040
8) LOS ANGELES CA CMNTY CLG DIST 5 08/01/2030
9) SACRAMENTO CA MUNI UTILITY DIS 5 07/01/2029
10) IMPERIAL CA IRR DIST ELEC REVE 5 11/01/2036
","1) 3.26%
2) 2.72%
3) 2.43%
4) 2.23%
5) 2.18%
6) 2.15%
7) 2.09%
8) 1.62%
9) 1.62%
10) 1.61%
"
TFI,"1) WISCONSIN ST 5 05/01/2030
2) CALIFORNIA ST 5 08/01/2024
3) MARYLAND ST 5 08/01/2021
4) NEW YORK NY 5 08/01/2020
5) UTILITY DEBT SECURITIZATION AU 5 12/15/2037
6) SALT RIVER AZ PROJ AGRIC IMPT 5 12/01/2031
7) ANCHORAGE AK 5 09/01/2019
8) CALIFORNIA ST 5 08/01/2018
9) GWINNETT CNTY GA SCH DIST 5 08/01/2022
10) NEW YORK ST DORM AUTH SALES TA 5 03/15/2028
","1) 1.30%
2) 1.17%
3) 1.17%
4) 1.10%
5) 1.01%
6) 0.99%
7) 0.89%
8) 0.81%
9) 0.73%
10) 0.72%
"
INY,"1) NEW YORK NY 5 08/01/2027
2) NEW YORK ST DORM AUTH SALES TA 4.125 03/15/2033
3) UTILITY DEBT SECURITIZATION AU 5 12/15/2029
4) NEW YORK NY 5 06/01/2036
5) NEW YORK ST 5 04/15/2024
6) SALES TAX ASSET RECEIVABLE COR 5 10/15/2026
7) TRIBOROUGH NY BRIDGE & TUNNEL 5 11/15/2023
8) SALES TAX ASSET RECEIVABLE COR 5 10/15/2030
9) DUTCHESS CNTY NY LOCAL DEV COR 5 01/01/2049
10) TRIBOROUGH NY BRIDGE & TUNNEL 5 11/15/2023
","1) 3.65%
2) 3.48%
3) 3.22%
4) 2.62%
5) 2.24%
6) 2.22%
7) 2.21%
8) 2.18%
9) 2.18%
10) 2.17%
"
SHM,"1) CALIFORNIA ST 5 08/01/2020
2) BAY AREA CA TOLL AUTH TOLL BRI 1.875 04/01/2047
3) WASHINGTON ST 4 07/01/2019
4) CENTRL PLAINS ENERGY PROJ NE G 5 08/01/2039
5) CALIFORNIA ST 5 08/01/2020
6) HAWAII ST 5 11/01/2018
7) MARYLAND ST 5 03/01/2018
8) CALIFORNIA ST 5 09/01/2020
9) CALIFORNIA ST 5 09/01/2019
10) NEW YORK CITY NY TRANSITIONAL 5 11/01/2019
","1) 1.07%
2) 1.02%
3) 0.97%
4) 0.94%
5) 0.90%
6) 0.89%
7) 0.86%
8) 0.82%
9) 0.80%
10) 0.80%
"
HYMB,"1) NEW YORK ST LIBERTY DEV CORP L 5 11/15/2044
2) SOUTH CAROLINA ST PUBLIC SVC A 5 12/01/2035
3) JEFFERSON CNTY AL SWR REVENUE 6 10/01/2042
4) GOLDEN ST TOBACCO SECURITIZATI 5.75 06/01/2047
5) US74529JNX90 5.25 08/01/2040
6) BUCKEYE OH TOBACCO SETTLEMENT 5.875 06/01/2030
7) BUCKEYE OH TOBACCO SETTLEMENT 5.125 06/01/2024
8) BUCKEYE OH TOBACCO SETTLEMENT 5.75 06/01/2034
9) CALIFORNIA STWD CMNTYS DEV AUT 5.25 12/01/2029
10) CHICAGO IL BRD OF EDU 5 12/01/2018
","1) 1.47%
2) 1.26%
3) 1.23%
4) 1.23%
5) 0.98%
6) 0.91%
7) 0.85%
8) 0.80%
9) 0.76%
10) 0.75%
"
EBND,"1) LETRA TESOURO NACIONAL 0 01/01/2019
2) POLAND GOVERNMENT BOND 4 10/25/2023
3) LETRA TESOURO NACIONAL 0 07/01/2019
4) THAILAND GOVERNMENT BOND 3.65 12/17/2021
5) THAILAND GOVERNMENT BOND 3.875 06/13/2019
6) KOREA TREASURY BOND 4.75 12/10/2030
7) MEX BONOS DESARR FIX RT 8.5 12/13/2018
8) MEX BONOS DESARR FIX RT 4.75 06/14/2018
9) KOREA TREASURY BOND 2 12/10/2017
10) KOREA TREASURY BOND 2.75 06/10/2017
","1) 2.06%
2) 1.80%
3) 1.55%
4) 1.47%
5) 1.40%
6) 1.36%
7) 1.25%
8) 1.23%
9) 1.20%
10) 1.18%
"
IBND,"1) DEUTSCHE BANK AG 2.375 01/11/2023
2) PANASONIC CORP 0.387 03/19/2020
3) COOPERATIEVE RABOBANK UA 4.125 07/14/2025
4) CITIGROUP INC 5 08/02/2019
5) CREDIT SUISSE AG LONDON 4.75 08/05/2019
6) COOPERATIEVE RABOBANK UA 4.75 06/06/2022
7) ENEL FINANCE INTL NV 5 09/14/2022
8) COOPERATIEVE RABOBANK UA 4.75 01/15/2018
9) BPCE SA 2.125 03/17/2021
10) ORANGE SA 8.125 01/28/2033
","1) 0.74%
2) 0.64%
3) 0.57%
4) 0.52%
5) 0.52%
6) 0.51%
7) 0.45%
8) 0.44%
9) 0.44%
10) 0.42%
"
BWX,"1) KOREA TREASURY BOND 3.5 03/10/2024
2) KOREA TREASURY BOND 3.25 09/10/2018
3) KOREA TREASURY BOND 3.125 03/10/2019
4) KINGDOM OF DENMARK 4.5 11/15/2039
5) BELGIUM KINGDOM 5 03/28/2035
6) KOREA MONETARY STAB BOND 1.69 06/02/2017
7) JAPAN (10 YEAR ISSUE) 0.8 12/20/2022
8) KOREA TREASURY BOND 2 12/10/2017
9) KOREA TREASURY BOND 3.75 12/10/2033
10) JAPAN (10 YEAR ISSUE) 0.7 12/20/2022
","1) 0.73%
2) 0.48%
3) 0.46%
4) 0.46%
5) 0.43%
6) 0.41%
7) 0.40%
8) 0.40%
9) 0.39%
10) 0.38%
"
BWZ,"1) JAPAN (5 YEAR ISSUE) 0.2 12/20/2018
2) JAPAN (5 YEAR ISSUE) 0.2 06/20/2017
3) JAPAN (5 YEAR ISSUE) 0.3 03/20/2017
4) JAPAN (5 YEAR ISSUE) 0.2 12/20/2017
5) JAPAN (5 YEAR ISSUE) 0.1 12/20/2017
6) UK TSY 1.25% 2018 1.25 07/22/2018
7) JAPAN (10 YEAR ISSUE) 1.4 03/20/2018
8) JAPAN (10 YEAR ISSUE) 1.7 09/20/2017
9) JAPAN (5 YEAR ISSUE) 0.3 06/20/2018
10) JAPAN (5 YEAR ISSUE) 0.2 09/20/2018
","1) 1.92%
2) 1.82%
3) 1.71%
4) 1.66%
5) 1.66%
6) 1.58%
7) 1.43%
8) 1.42%
9) 1.39%
10) 1.39%
"
EMCD,"1) HUTCH WHAMPOA INT 11 LTD 4.625 01/13/2022
2) CNOOC FINANCE 2013 LTD 3 05/09/2023
3) GAZPROM (GAZ CAPITAL SA) 9.25 04/23/2019
4) SINOPEC GRP OVERSEA 2014 4.375 04/10/2024
5) PETROLEOS MEXICANOS 6.5 06/02/2041
6) CEMEX SAB DE CV 5.7 01/11/2025
7) TAQA ABU DHABI NATL ENER 5.875 12/13/2021
8) PETROLEOS MEXICANOS 3.5 07/23/2020
9) KOREA NATIONAL OIL CORP 3.125 04/03/2017
10) SINOPEC GRP OVERSEA 2015 2.5 04/28/2020
","1) 2.06%
2) 1.98%
3) 1.70%
4) 1.61%
5) 1.50%
6) 1.25%
7) 1.24%
8) 1.22%
9) 1.15%
10) 1.13%
"
WIP,"1) POLAND GOVERNMENT BOND 2.75 08/25/2023
2) FRANCE (GOVT OF) 2.25 07/25/2020
3) FRANCE (GOVT OF) 1 07/25/2017
4) FRANCE (GOVT OF) 3.15 07/25/2032
5) TSY 1 1/4% 2055 I/L GILT 1.25 11/22/2055
6) FRANCE (GOVT OF) 3.4 07/25/2029
7) BUONI POLIENNALI DEL TES 2.6 09/15/2023
8) BUONI POLIENNALI DEL TES 2.35 09/15/2019
9) ISRAEL GALIL I/L MODERN 4 07/30/2021
10) BUONI POLIENNALI DEL TES 2.1 09/15/2021
","1) 2.69%
2) 2.55%
3) 2.21%
4) 1.94%
5) 1.94%
6) 1.82%
7) 1.81%
8) 1.71%
9) 1.59%
10) 1.50%
"
RWO,"1) Simon Property Group Inc.
2) Public Storage
3) Equity Residential
4) Unibail-Rodamco SE
5) Brookfield Asset Management Inc. Class A
6) AvalonBay Communities Inc.
7) Mitsui Fudosan Co. Ltd.
8) Welltower Inc.
9) Prologis Inc.
10) Boston Properties Inc.
","1) 6.21%
2) 3.82%
3) 2.85%
4) 2.62%
5) 2.60%
6) 2.45%
7) 2.40%
8) 2.10%
9) 2.06%
10) 1.84%
"
RWX,"1) Unibail-Rodamco SE
2) Brookfield Asset Management Inc. Class A
3) Mitsui Fudosan Co. Ltd.
4) Scentre Group
5) Westfield Corporation
6) Link Real Estate Investment Trust
7) Land Securities Group PLC
8) British Land Company PLC
9) Klepierre SA
10) Nippon Building Fund Inc.
","1) 6.36%
2) 6.32%
3) 5.82%
4) 4.40%
5) 3.53%
6) 3.31%
7) 3.06%
8) 2.59%
9) 2.09%
10) 1.98%
"
RWR,"1) Simon Property Group Inc.
2) Public Storage
3) Equity Residential
4) AvalonBay Communities Inc.
5) Welltower Inc.
6) Prologis Inc.
7) Boston Properties Inc.
8) Ventas Inc.
9) General Growth Properties Inc.
10) Vornado Realty Trust
","1) 10.62%
2) 6.53%
3) 4.87%
4) 4.18%
5) 3.59%
6) 3.53%
7) 3.14%
8) 3.07%
9) 2.72%
10) 2.69%
"
GLD,"",""
HREX,"1) Unibail-Rodamco SE
2) Sun Hung Kai Properties Limited
3) Scentre Group
4) Mitsubishi Estate Company Limited
5) Vonovia SE
6) Cheung Kong Property Holdings Limited
7) Westfield Corporation
8) Link Real Estate Investment Trust
9) Mitsui Fudosan Co. Ltd.
10) Land Securities Group PLC
","1) 4.71%
2) 3.42%
3) 3.24%
4) 3.09%
5) 2.73%
6) 2.72%
7) 2.67%
8) 2.49%
9) 2.41%
10) 2.21%
"
GII,"1) Transurban Group Ltd.
2) Atlantia S.p.A
3) Duke Energy Corporation
4) National Grid plc
5) NextEra Energy Inc.
6) Aena SA
7) Southern Company
8) Abertis Infraestructuras SA
9) Dominion Resources Inc.
10) Iberdrola SA
","1) 6.19%
2) 4.48%
3) 3.76%
4) 3.76%
5) 3.67%
6) 3.46%
7) 3.11%
8) 2.94%
9) 2.93%
10) 2.89%
"
GNR,"1) Syngenta AG
2) Exxon Mobil Corporation
3) BHP Billiton Limited
4) Total SA
5) Monsanto Company
6) BP p.l.c.
7) Royal Dutch Shell Plc Class A
8) Chevron Corporation
9) Nippon Steel & Sumitomo Metal Corp.
10) Glencore plc
","1) 6.22%
2) 5.78%
3) 4.30%
4) 3.36%
5) 3.34%
6) 2.83%
7) 2.82%
8) 2.72%
9) 2.34%
10) 2.24%
"
NANR,"1) Exxon Mobil Corporation
2) Chevron Corporation
3) Barrick Gold Corporation
4) Newmont Mining Corporation
5) Monsanto Company
6) Goldcorp Inc.
7) Alcoa Inc.
8) Franco-Nevada Corporation
9) Agnico-Eagle Mines Limited
10) Archer-Daniels-Midland Company
","1) 10.81%
2) 8.94%
3) 6.69%
4) 6.37%
5) 6.10%
6) 5.98%
7) 4.62%
8) 4.04%
9) 3.67%
10) 3.12%
"
GAL,"",""
INKM,"",""
RLY,"",""
SYE,"1) Apple Inc
2) Amazon.com Inc
3) JPMorgan Chase & Co
4) Gilead Sciences Inc
5) Johnson & Johnson
6) Valero Energy Corp
7) Electronic Arts Inc
8) General Dynamics Corp
9) LyondellBasell Industries NV
10) Royal Caribbean Cruises Ltd
","1) 4.57%
2) 4.33%
3) 4.31%
4) 3.84%
5) 3.49%
6) 3.40%
7) 3.40%
8) 3.29%
9) 3.11%
10) 3.08%
"
SYG,"1) Amazon.com Inc
2) Gilead Sciences Inc
3) Apple Inc
4) Tyson Foods Inc
5) Comcast Corp
6) Kroger Co
7) Electronic Arts Inc
8) Priceline Group Inc
9) VeriSign Inc
10) LyondellBasell Industries NV
","1) 5.19%
2) 4.65%
3) 4.48%
4) 4.12%
5) 4.05%
6) 3.80%
7) 3.60%
8) 3.58%
9) 3.42%
10) 3.36%
"
SYV,"1) JPMorgan Chase & Co
2) Wells Fargo & Co
3) Exelon Corp
4) Citigroup Inc
5) Northrop Grumman Corp
6) Tyson Foods Inc
7) Valero Energy Corp
8) Goodyear Tire & Rubber Co
9) Merck & Co Inc
10) Carnival Corp
","1) 5.36%
2) 4.64%
3) 3.73%
4) 3.69%
5) 3.58%
6) 3.51%
7) 3.45%
8) 3.33%
9) 3.16%
10) 3.07%
"
RORO,"1) McDonald's Corporation
2) Procter & Gamble Company
3) AutoZone Inc.
4) Capital Bank Financial Corp. Class A
5) Wal-Mart Stores Inc.
6) Verizon Communications Inc.
7) Berkshire Hathaway Inc. Class B
8) AT&T Inc.
9) Allergan plc
10) Stericycle Inc.
","1) 5.52%
2) 5.11%
3) 4.87%
4) 4.50%
5) 4.50%
6) 4.32%
7) 4.05%
8) 3.94%
9) 3.82%
10) 3.74%
"
SRLN,"",""
TOTL,"1) US TREASURY N/B 1.75 03/31/2022
2) FREDDIE MAC 3 12/01/2045
3) US TREASURY N/B 1.375 04/30/2020
4) US TREASURY N/B 2.5 05/15/2024
5) FREDDIE MAC 3 12/01/2045
6) FANNIE MAE 3 08/25/2042
7) FREDDIE MAC 2.25 03/15/2038
8) FREDDIE MAC 3 08/01/2045
9) FANNIE MAE 3 04/01/2040
10) FANNIE MAE 3 01/25/2045
","1) 2.72%
2) 2.30%
3) 2.03%
4) 1.92%
5) 1.83%
6) 1.68%
7) 1.65%
8) 1.47%
9) 1.30%
10) 1.27%
"
ULST,"1) US TREASURY N/B 0.5 09/30/2016
2) TREASURY BILL 0 07/28/2016
3) US TREASURY N/B 0.625 05/31/2017
4) US BANK NA CINCINNATI 1.198 01/29/2018
5) GOLDEN CREDIT CARD TRUST 0.856 09/15/2018
6) AMERICAN EXPRESS BK FSB 0.724 06/12/2017
7) MERCK & CO INC 0.724 05/18/2018
8) CAPITAL ONE MULTI-ASSET EXECUT 0.466 07/15/2020
9) GE DEALER FLOORPLAN MASTER NOT 0.806 07/20/2019
10) BANK OF MONTREAL 1.228 07/31/2018
","1) 5.23%
2) 5.21%
3) 2.77%
4) 2.61%
5) 2.33%
6) 2.26%
7) 2.09%
8) 2.08%
9) 1.96%
10) 1.87%
"
CWB,"1) WELLS FARGO & COMPANY 7.5 12/31/2049
2) WATSON PHARMACEUTICALS 5.5 12/31/2049
3) TEVA PHARMACEUTICAL INDU 7 12/31/2049
4) BANK OF AMERICA CORP 7.25 12/31/2049
5) INTEL CORP 3.25 08/01/2039
6) VERISIGN INC 4.297 08/15/2037
7) NVIDIA CORP 1 12/01/2018
8) TYSON FOODS INC 4.75 12/31/2049
9) INTEL CORP 2.95 12/15/2035
10) FIAT CHRYSLER AUTOMOBILE 787.5 12/15/2016
","1) 4.76%
2) 4.75%
3) 3.55%
4) 3.47%
5) 2.96%
6) 2.85%
7) 2.11%
8) 2.00%
9) 1.92%
10) 1.74%
"
PSK,"1) PNC Financial Services Group Inc Deposit Shs Repr 1/4000th Non-Cum Perp Pfd Shs Series P
2) HSBC Holdings PLC 8 % Perp Sub Cap Secs 2010-Without Fixed Maturity Series 2
3) BB&T Corp Deposit Shs Repr 1/1000th Non Cum Perp Pfd Shs Series E
4) US Bancorp Deposit Shs Repr 1/1000th Non Cum Perp Pfd Shs Series-F
5) Southern Co 6 1/4 % Notes 2015-15.10.75 Series 2015A
6) US Bancorp Deposit Shs Repr 1/1000 Non-Cum Perp Pfd Sh Series G
7) Aegon NV 6 3/8 % Perp Capital Secs 2005-Without Fixed Maturity
8) ING Groep NV 7.2 % Perpetual Debt Securities 2002-Without fixed maturity Global
9) Morgan Stanley Capital Trust III 6 1/4 % Capital Secs 2003-1.3.33 Based on 6 1/4% Jr Sub Debs 33 MS
10) Wells Fargo & Co Deposit Shs Repr 1/40th 8 % Non Cum Perp Pfd Sh A Series J
","1) 2.39%
2) 2.09%
3) 1.71%
4) 1.64%
5) 1.56%
6) 1.54%
7) 1.43%
8) 1.36%
9) 1.32%
10) 1.30%
"
